,precision,recall,f1-score,support
NORMAL,0.988155668358714,0.9859313449634215,0.9870422535211267,1777.0
MEDIUM,0.886435331230284,0.9243421052631579,0.9049919484702094,304.0
HIGH,0.9691629955947136,0.944206008583691,0.9565217391304348,233.0
CRITICAL,0.9938080495356038,0.9846625766871165,0.9892141756548536,326.0
accuracy,0.975,0.975,0.975,0.975
macro avg,0.9593905111798289,0.9597855088743467,0.9594425291941562,2640.0
weighted avg,0.9754641535945516,0.975,0.975168569440477,2640.0
